Project;ncommits;nauthors;from;to;nstars;nforks;lastGHCommitDate;LongestGapStart;LongestGapEnd;LongestGapLength;NumCommitsAfterLastGap;ActivityPattern;NumberOfGapsInTimeline;BeforeThemes;AfterThemes;HypothesizedGapReason;HasRecovered;WhyRecovered;WhoRecovered;Currentstatus;RecentThemes;Notes
adda-team_adda;2200;48;2005-04-07 09:24:16;2025-10-15 12:41:27;132;66;2026-03-30T08:45:28Z;2017-03;2018-04;14;483;declining;9;Feature development:Documentation updates;Bug fixes:Feature development;No explicit cause is stated in the commit messages. Activity stopped after feature, DLL, and documentation work, so the gap appears to be a maintenance/development lull before work resumed on the rect_dip branch.;Yes;Development resumed around rect_dip branch integration, cleanup, usability changes, and new tests.;A mix of existing and new contributors: Maxim Yurkin continued, while Dmitry Smunev contributed much of the immediate post-gap work.;Active;Documentation updates:Bug fixes;ADDA shows a declining long-term pattern with a 14-month longest gap. The commit messages do not state a specific reason for the pause, but work resumed with rect_dip branch integration, cleanup, and testing. Recovery involved both an existing contributor and a new contributor.
cpmech_gosl;2838;27;2015-02-09 23:00:38;2025-08-07 21:33:55;1884;148;2026-09-28T08:58:18Z;2022-07;2022-12;6;41;declining;9;Documentation updates:Bug fixes;Bug fixes:Dependency updates;No explicit cause is stated in the commit messages. The project appears to have entered a maintenance lull after README, typo, and test fixes, with work later resuming around compatibility and CI issues.;Yes;Maintenance resumed to address OpenBLAS-dependent tests, Go/CI versions, Docker compilation, and related compatibility fixes.;The same maintainer, Dorival Pedroso, appears to have driven both the pre-gap and post-gap work.;Active;Bug fixes:Documentation updates;GOSL has a declining pattern with a six-month longest gap. The gap is not explicitly explained, but the same maintainer returned to handle compatibility, testing, CI, and Docker issues. This looks more like a maintenance pause than a change in project ownership.
envirocar_envirocar-app;3811;105;2013-04-10 08:53:02;2026-03-03 10:56:29;88;158;2026-02-10T12:09:53Z;2016-07;2018-02;20;2442;irregular;6;Bug fixes:Release;Bug fixes:Feature development;No explicit cause is stated in the commit messages. The gap followed adapter fixes, version changes, and minor maintenance, suggesting a temporary development lull or shift in contributor attention.;Yes;Activity resumed with issue fixes, UI corrections, and merged contributions addressing several open issues.;A mix of existing and new contributors: dewall continued, while SaiKrishna contributed several post-gap issue fixes and merges.;Active;Feature development:Bug fixes;enviroCar has an irregular history with a 20-month longest gap. The reason for the pause is not explicit, but activity resumed with issue fixes and UI work, including several contributions from SaiKrishna alongside an existing contributor. The project clearly recovered after the gap.
jlizier_jidt;1741;27;2012-05-07 23:25:25;2025-11-05 04:14:00;306;83;2026-08-03T02:27:32Z;2015-09;2016-02;6;680;declining;6;Documentation updates:Release;Feature development:Bug fixes;No explicit cause is stated in the commit messages. The gap followed release documentation and website work, suggesting a pause after release-related maintenance before a new development phase.;Yes;Activity resumed with substantial feature development, including GPU work, multivariate calculators, optimization work, and transfer-entropy updates.;Recovery was driven largely by new contributor Pedro Martinez Mediano, with continued involvement from Joseph Lizier.;Active;Documentation updates:Feature development;JIDT has a declining overall pattern with a six-month longest gap. The pause followed release documentation work, and the restart brought substantial new development such as GPU and multivariate-analysis features. Recovery was supported by a new contributor as well as the original maintainer.
juliamath_gsl.jl;459;51;2013-03-27 05:40:57;2025-08-14 15:06:31;101;30;2026-06-22T14:28:28Z;2021-07;2023-01;19;91;irregular;14;Documentation updates:Dependency updates;Dependency updates:Automated bot contributions;No explicit cause is stated in the commit messages. The gap followed CI, compatibility, and README maintenance, suggesting a low-maintenance period until dependency and automation work restarted activity.;Yes;Activity resumed through maintenance automation, especially Dependabot enablement and GitHub Actions dependency updates.;Recovery was driven mainly by new contributors and automation, especially spaette and Dependabot, rather than the main pre-gap contributors.;Active;Dependency updates:Automated bot contributions;GSL.jl is irregular and has many inactivity gaps, with the longest lasting 19 months. The longest gap is difficult to explain from commit messages alone, but activity restarted through maintenance automation and dependency updates. New contributors and Dependabot played a major role in the recovery.
kul-forbes_forbes;442;12;2015-04-24 17:36:12;2019-01-18 09:27:43;27;11;2025-01-27T13:40:34Z;2018-06;2018-10;5;11;declining;2;Feature development:Bug fixes;Bug fixes:Feature development;No explicit cause is stated in the commit messages. The project paused after PANOC-related feature and performance work, suggesting a temporary research/development lull before work shifted to NAMA-QP.;Yes;Development resumed around NAMA-QP testing, algorithm fixes, adaptive behavior, and new optimization methods.;Recovery appears to have been driven by a new contributor, Manish Krishanlal, rather than the pre-gap contributors.;Inactive;Bug fixes:Feature development;ForBES has a declining pattern and a five-month longest gap. Work resumed with a new contributor focusing on NAMA-QP tests, fixes, and optimization features, so the gap appears to separate two development phases. Although it recovered after that gap, it is classified as currently inactive under the assignment cutoff rule.
open-quantum-safe_ci-containers;391;32;2018-10-17 17:40:20;2025-10-25 06:51:44;5;14;2026-09-28T13:10:36Z;2022-01;2022-05;5;105;declining;7;Dependency updates:Bug fixes;Feature development:Dependency updates;No explicit cause is stated in the commit messages. The gap followed platform and build-image upgrades, suggesting a short maintenance pause before the next round of CI/toolchain improvements.;Yes;Activity resumed to modernize the CI toolchain by adding scan-build, updating Docker/LLVM/Go, and enabling profiling.;Recovery was driven by the same existing maintainer, Michael Baentsch, who was also active before the gap.;Active;Feature development:Dependency updates;The CI containers project has a declining pattern and a five-month longest gap. The same maintainer resumed work with scan-build support, toolchain upgrades, and profiling changes. This suggests a temporary maintenance pause rather than abandonment.
poissonconsulting_tmbr;355;24;2016-09-20 19:57:04;2025-06-03 22:41:20;0;1;2026-09-01T07:20:55Z;2022-04;2023-04;13;42;declining;9;Automated bot contributions:Documentation updates;Bug fixes:Dependency updates;No explicit cause is stated in the commit messages. The gap followed site builds and R CMD check workflow maintenance, suggesting the package entered a low-maintenance period until workflow and dependency updates were needed.;Yes;Activity resumed to update workflows and dependencies, fix tests and warnings, refresh documentation, and redeploy the site.;A mix of existing and new contributors: Joe Thorley returned and Kirill Müller also contributed to the restart.;Active;Documentation updates:Automated bot contributions;tmbr has a declining pattern and a 13-month longest gap. The pause followed build and workflow maintenance, and activity later resumed with workflow, dependency, testing, and documentation work. Recovery included both returning and new contributors.
snakemake_snakemake;16416;804;2011-11-13 22:33:28;2026-04-18 11:32:12;2882;663;2026-09-28T15:05:27Z;;;0;0;rising;0;;;N/A active Project;N/A active Project;N/A active Project;N/A active Project;Active;Feature development:Other;Snakemake is the only project in this set with no zero-commit month in the analyzed timeline, so there is no longest inactivity gap to interpret. Its overall pattern is rising and the project remained continuously active in the monthly data. Gap-specific fields are therefore not applicable.
tencent_turbotransformers;1542;45;2019-10-28 03:29:53;2025-07-18 03:51:17;1551;208;2025-07-18T03:51:17Z;2023-07;2025-03;21;3;declining;3;Dependency updates:Documentation updates;Dependency updates:Bug fixes;No explicit cause is stated in the commit messages. Activity had already declined to documentation, environment, and dependency maintenance before the long gap, suggesting the project was largely in maintenance mode or deprioritized.;Yes, but only limited maintenance activity;Activity resumed briefly for requirements and dependency maintenance, including a Dependabot transformers update.;"The limited recovery involved new human contributor Yang Yu plus Dependabot; the main pre-gap human contributors did not drive the restart.";Active;Dependency updates:Automated bot contributions;TurboTransformers has a declining pattern and a 21-month longest gap. Commit messages before the gap already show mostly documentation, environment, and dependency maintenance, suggesting the project had moved into maintenance mode. It technically recovered, but only with three post-gap maintenance commits, so the recovery is limited.
